{
    "coefficients": [
        0.784726623307534,
        0.7338553476657705,
        0.8846454701007136
    ],
    "intercept": -0.9039828048977883,
    "scaler_mean": [
        62.0,
        74.5,
        2.1
    ],
    "scaler_scale": [
        19.390719429665317,
        15.074813431681335,
        1.044030650891055
    ],
    "feature_order": [
        "quiz_marks",
        "attendance",
        "study_hours"
    ]
}